"id";"lon";"lat"
"595643490";8.78411;53.05657
"685008616";8.74079;53.12763
"714331041";8.79409;53.06677
"717465951";8.80994;53.08277
"723143315";8.79133;53.06783
"936392866";8.95409;53.05554
"1077141819";8.89961;53.11619
"1100952507";8.75335;53.12917
"1104668270";8.85159;53.0711
"1132367199";8.86264;53.08984
"1347749960";8.84435;53.04599
"1363687973";8.87422;53.06278
"1380901698";8.84257;53.08843
"1685387216";8.89268;53.05681
"1728404410";8.87299;53.06394
"1735453651";8.87045;53.06496
"1741888004";8.87672;53.06349
"1748915468";8.87826;53.06454
"1751164670";8.87764;53.06549
"1787913939";8.73359;53.03848
"1787927607";8.72966;53.0404
"1787991320";8.73649;53.0403
"1808684153";8.86626;53.10381
"1824970670";8.87097;53.10578
"1847664413";8.8863;53.06133
"1847664423";8.8863;53.06151
"1847736899";8.88355;53.063
"1879943489";8.89561;53.06002
"1919445299";8.79876;53.09602
"1950696256";8.80109;53.09468
"1952593566";8.80847;53.09339
"1983310877";8.81672;53.10492
"1989813780";8.82794;53.07634
"2348043013";8.88033;53.06114
"2366172721";8.87227;53.06312
"2369925667";8.74231;53.04456
"2397419695";8.84315;53.08963
"2444675514";8.89806;53.12734
"2533968669";8.92754;53.0599
"2550943131";8.87734;53.0765
"2555468148";8.93043;53.05944
"2555701391";8.94732;53.06983
"2555701398";8.94986;53.07126
"2555732629";8.94321;53.06673
"2555744908";8.92076;53.07226
"2556175010";8.94405;53.07305
"2556993828";8.94811;53.06623
"2556993844";8.94724;53.06759
"2557098597";8.80071;53.08078
"2620164140";8.79061;53.06211
"2648312573";8.92613;53.0736
"2710545852";8.54838;53.14648
"2710660100";8.57374;53.14094
"2712261826";8.50279;53.19275
"2712269080";8.55661;53.17754
"2712269624";8.6168;53.16513
"2712270684";8.61548;53.16242
"2712270922";8.61428;53.16163
"2712271609";8.61251;53.1607
"2727102635";8.62309;53.13388
"2727963561";8.73646;53.12875
"2767677628";8.53191;53.09933
"2833555726";8.85076;53.04162
"2896061433";8.53102;53.10209
"2904728715";8.53155;53.09616
"2923811070";8.53237;53.09957
"2955728307";8.53166;53.09797
"2973396636";8.77964;53.01453
"3011347797";8.75202;53.18938
"3064684284";8.62944;53.05263
"3098275344";8.75649;53.11395
"3269113766";8.63645;53.05519
"3269113767";8.64142;53.05574
"3348682086";8.58298;53.06366
"3385214094";8.90222;53.11212
"3476572505";8.56917;53.0174
"3558765479";8.53111;53.08951
"3712689487";8.54264;53.0324
"3725031335";8.50931;53.01165
"3782459423";8.87256;53.06338
"3788146832";8.7365;53.04135
"3790549494";8.80326;53.02711
"4038755368";8.54992;53.03108
"4103692105";8.73243;53.03943
"4357976272";8.81045;53.06796
"4472888055";8.53543;53.03662
"4554624585";8.63471;53.02593
"4718441716";8.78255;53.06718
"4771789892";8.8788;53.06194
"4864266683";8.50745;53.03541
"4896500670";8.54395;53.03334
"4896500671";8.54355;53.0258
"4906104671";8.62438;53.05145
"5285603203";8.89177;53.10125
"5285603204";8.89287;53.10239
"5285603205";8.88973;53.10195
"5285603206";8.88644;53.10051
"5482217117";8.88855;53.10046
"5503129128";8.63977;53.03446
"5503627969";8.58415;53.02915
"5532112621";8.78095;53.05801
"5713376236";8.79217;53.06935
"5926463777";8.78895;53.07284
"5963892084";8.62994;53.05173
"6284585342";8.83308;53.11463
"6477579190";8.70042;53.03374
"6633532252";8.89333;53.09795
"6773227802";8.59697;53.04433
"6773227858";8.80452;53.08366
"6885561877";8.94927;53.18608
"7006231280";8.61792;53.06453
"7006231281";8.61846;53.06446
"7006249156";8.61769;53.0633
"7030196580";8.65777;53.04917
"7099851724";8.63874;53.02895
"7137786234";8.60287;53.04402
"7137786237";8.80885;53.09508
"7147454813";8.63528;53.03024
"7147454819";8.64217;53.04118
"7223128518";8.62262;53.06925
"7297681890";8.75567;53.11364
"7397651831";8.61638;53.06136
"7472577812";8.81638;53.02775
"7477194664";8.82183;53.02699
"7526536923";8.75867;53.05679
"7694464687";8.62567;53.06914
"7836082994";8.78595;53.09112
"8126835757";8.8648;53.0951
"8259629687";8.57785;53.08404
"8261763065";8.53051;53.03872
"8357714227";8.77696;53.09999
"8387969289";8.79038;53.09834
"8521365201";8.87065;53.08375
"8530012904";8.87057;53.08285
"8579444885";8.71632;53.15202
"8781988292";8.84593;53.10729
"9136936299";8.8175;53.08065
"9337770416";8.8511;53.05371
"9405865616";8.79117;53.10137
"9405913681";8.79002;53.10236
"9405916693";8.78847;53.10321
"9425770007";8.78782;53.10554
"9437944898";8.79104;53.08622
"9438031004";8.78816;53.08381
"9442516792";8.79106;53.09408
"9448335762";8.75437;53.11239
"9463447553";8.80992;53.08163
"9463516452";8.77667;53.09406
"9476508553";8.76688;53.1118
"9476508556";8.76993;53.11061
"9476508581";8.76658;53.11232
"9501445583";8.63097;53.19015
"9505235105";8.79539;53.08186
"9551854215";8.61518;53.17403
"9551935918";8.60667;53.1764
"9551942160";8.61429;53.17421
"9566086253";8.76034;53.11337
"9571414118";8.78755;53.09413
"9592259253";8.82235;53.0751
"9654247286";8.78594;53.09637
"9666719494";8.79697;53.08026
"9688440639";8.85536;53.08422
"9701088616";8.85456;53.09409
"9714559838";8.87017;53.0973
"9715385579";8.76606;53.10257
"9735506465";8.85826;53.08903
"9742085552";8.80654;53.09416
"9742107382";8.90041;53.12386
"9742110119";8.89643;53.11832
"9770227399";8.84054;53.10657
"9788718250";8.85664;53.08897
"9809776564";8.70266;53.17007
"9813148824";8.76838;53.10185
"9831458293";8.62291;53.04812
"9843570722";8.84319;53.08946
"9854313350";8.78477;53.10197
"9995375264";8.79435;53.10423
"10039894336";8.76874;53.09415
"10069481642";8.77642;53.09896
"10314225299";8.65398;53.06311
"10314271876";8.65602;53.05935
"10881235444";8.61766;53.16385
"11148795352";8.59322;53.04168
"11174817753";8.54551;53.03241
"11183232834";8.74945;53.02439
"11184514181";8.86387;53.1027
"11263235443";8.78957;53.06404
"11297774702";8.56895;53.2007
"11297774703";8.56723;53.19845
"11553352612";8.54398;53.02859
"11579639870";8.78302;53.06946
"11579639878";8.78099;53.06825
"11896135714";8.65312;53.03772
"11966510497";8.80916;53.07231
"11975812313";8.7995;53.07301
"11985346407";8.81878;53.0746
"11985580512";8.78474;53.07147
"11989189429";8.67981;53.05898
"11994839312";8.80011;53.07322
"12002747238";8.80802;53.07418
"12003209560";8.80211;53.0764
"12015310803";8.90879;53.14126
"12020131180";8.80812;53.07877
"12020331369";8.8043;53.07457
"12026890925";8.63124;53.02769
"12039258124";8.84613;53.09277
"12040420026";8.78658;53.06208
"12050801128";8.81635;53.08048
"12050823574";8.81896;53.07778
"12050842943";8.82295;53.07841
"12056923174";8.64314;53.05262
"12063090815";8.80045;53.08
"12063167581";8.80169;53.08004
"12076706045";8.81652;53.07833
"12078328236";8.83088;53.07054
"12078382162";8.82959;53.07284
"12089195207";8.87216;53.097
"12090418772";8.63514;53.06712
"12106120837";8.84465;53.03099
"12128030997";8.79401;53.07364
"12133183712";8.7399;53.18535
"12133625980";8.81987;53.0718
"12143827876";8.82088;53.08136
"12154423195";8.65554;53.01928
"12158011278";8.54275;53.03254
"12176429770";8.81973;53.08036
"12178155697";8.82361;53.0776
"12178175239";8.82352;53.07723
"12190306835";8.65814;53.04523
"12246813540";8.6135;53.04403
"12250619177";8.7978;53.07212
"12270787318";8.8239;53.07052
"12291772297";8.82288;53.07431
"12309427684";8.83368;53.07122
"12427921709";8.78831;53.06331
"12505551036";8.64252;53.04787
"12505551037";8.64499;53.05502
"12563524305";8.81422;53.08378
"12566201223";8.77443;53.06192
"12578989124";8.79372;53.07397
"12583053364";8.70978;53.22639
"12595188829";8.78945;53.07104
"12639691220";8.92818;53.16906
"12772178163";8.8124;53.07569
"12852899937";8.8657;53.10487
"12852918453";8.80794;53.09443
"12870812522";8.86506;53.10442
"12877146867";8.60534;53.0423
"13070721275";8.56682;53.19763
"13119045842";8.69072;53.16901
"13119045844";8.69158;53.16808
"13189356967";8.79552;53.0625
"13189382502";8.79828;53.057
"13189382503";8.79801;53.0637
"13189384408";8.79739;53.05906
"13235639013";8.67409;53.08875
"13236379059";8.79595;53.22853
"13261024515";8.80725;53.09976
"13264572270";8.80807;53.092
"13270659487";8.79781;53.22418
"13282838314";8.62417;53.05208
"13514087333";8.89004;53.06246
